<?xml version="1.0" encoding="utf-8"?>
<!--
- phpMyAdmin XML Dump
- version 5.0.2
- https://www.phpmyadmin.net
-
- Servidor: 127.0.0.1
- Tiempo de generación: 25-02-2021 a las 06:19:42
- Versión del servidor: 10.4.11-MariaDB
- Versión de PHP: 7.4.6
-->

<pma_xml_export version="1.0" xmlns:pma="https://www.phpmyadmin.net/some_doc_url/">
    <!--
    - Structure schemas
    -->
    <pma:structure_schemas>
        <pma:database name="coortiendas_a" collation="utf8mb4_general_ci" charset="utf8mb4">
            <pma:table name="cliente">
                CREATE TABLE `cliente` (
                  `Id_clie` int(8) NOT NULL AUTO_INCREMENT,
                  `Est_clie` int(2) NOT NULL,
                  `Nam_clie` varchar(25) NOT NULL,
                  `Apel_clie` varchar(50) DEFAULT NULL,
                  `email_clie` varchar(40) NOT NULL,
                  `Pass_clie` varchar(100) NOT NULL,
                  PRIMARY KEY (`Id_clie`),
                  KEY `fk_clieest` (`Est_clie`),
                  CONSTRAINT `fk_clieest` FOREIGN KEY (`Est_clie`) REFERENCES `est_usu` (`Id_est_usu`)
                ) ENGINE=InnoDB AUTO_INCREMENT=999948 DEFAULT CHARSET=utf8mb4;
            </pma:table>
            <pma:table name="detal_fact">
                CREATE TABLE `detal_fact` (
                  `Id_comp` int(20) NOT NULL AUTO_INCREMENT,
                  `Num_fact` int(20) NOT NULL,
                  `id_prod` int(20) NOT NULL,
                  `Cant_prod` int(3) NOT NULL,
                  PRIMARY KEY (`Id_comp`,`Num_fact`) USING BTREE,
                  KEY `fk_prodeta` (`id_prod`),
                  KEY `fk_facehmpl` (`Num_fact`),
                  CONSTRAINT `fk_facehmpl` FOREIGN KEY (`Num_fact`) REFERENCES `factura` (`Num_fact`),
                  CONSTRAINT `fk_prodeta` FOREIGN KEY (`id_prod`) REFERENCES `inventario` (`Id_prod`)
                ) ENGINE=InnoDB AUTO_INCREMENT=1001 DEFAULT CHARSET=utf8mb4;
            </pma:table>
            <pma:table name="empleados">
                CREATE TABLE `empleados` (
                  `ID_empl` int(3) NOT NULL AUTO_INCREMENT,
                  `Est_usu` int(2) NOT NULL,
                  `Sol_empl` int(8) NOT NULL,
                  `Email_empl` varchar(40) NOT NULL,
                  `Pass_emp` varchar(100) NOT NULL,
                  `Obser_empl` varchar(225) NOT NULL,
                  `Edad_empl` int(3) NOT NULL,
                  `img_eml` longblob DEFAULT NULL,
                  PRIMARY KEY (`ID_empl`),
                  KEY `fk_eplest` (`Est_usu`),
                  KEY `fk_eplesol` (`Sol_empl`),
                  CONSTRAINT `fk_eplesol` FOREIGN KEY (`Sol_empl`) REFERENCES `solic_emp` (`Id_sol_emp`),
                  CONSTRAINT `fk_eplest` FOREIGN KEY (`Est_usu`) REFERENCES `est_usu` (`Id_est_usu`)
                ) ENGINE=InnoDB AUTO_INCREMENT=2147483648 DEFAULT CHARSET=utf8mb4;
            </pma:table>
            <pma:table name="empre_prov">
                CREATE TABLE `empre_prov` (
                  `Id_empre_prov` int(2) NOT NULL AUTO_INCREMENT,
                  `Nam_empre_prov` varchar(25) NOT NULL,
                  PRIMARY KEY (`Id_empre_prov`)
                ) ENGINE=InnoDB AUTO_INCREMENT=106 DEFAULT CHARSET=utf8mb4;
            </pma:table>
            <pma:table name="estad_mov">
                CREATE TABLE `estad_mov` (
                  `Id_estad_mov` int(2) NOT NULL AUTO_INCREMENT,
                  `Nam_estad_mov` varchar(25) NOT NULL,
                  PRIMARY KEY (`Id_estad_mov`)
                ) ENGINE=InnoDB AUTO_INCREMENT=4 DEFAULT CHARSET=utf8mb4;
            </pma:table>
            <pma:table name="estad_prod">
                CREATE TABLE `estad_prod` (
                  `Id_estad_prod` int(2) NOT NULL AUTO_INCREMENT,
                  `Nam_estad_prod` varchar(25) NOT NULL,
                  PRIMARY KEY (`Id_estad_prod`)
                ) ENGINE=InnoDB AUTO_INCREMENT=5 DEFAULT CHARSET=utf8mb4;
            </pma:table>
            <pma:table name="est_fact">
                CREATE TABLE `est_fact` (
                  `Id_est_fact` int(2) NOT NULL AUTO_INCREMENT,
                  `Nam_est_fact` varchar(25) NOT NULL,
                  PRIMARY KEY (`Id_est_fact`)
                ) ENGINE=InnoDB AUTO_INCREMENT=4 DEFAULT CHARSET=utf8mb4;
            </pma:table>
            <pma:table name="est_prov">
                CREATE TABLE `est_prov` (
                  `Id_est_prov` int(2) NOT NULL AUTO_INCREMENT,
                  `Nam_est_prov` varchar(25) NOT NULL,
                  PRIMARY KEY (`Id_est_prov`)
                ) ENGINE=InnoDB AUTO_INCREMENT=63 DEFAULT CHARSET=utf8mb4;
            </pma:table>
            <pma:table name="est_sol">
                CREATE TABLE `est_sol` (
                  `Id_est_sol` int(2) NOT NULL AUTO_INCREMENT,
                  `nam_est_sol` varchar(15) NOT NULL,
                  PRIMARY KEY (`Id_est_sol`)
                ) ENGINE=InnoDB AUTO_INCREMENT=4 DEFAULT CHARSET=utf8mb4;
            </pma:table>
            <pma:table name="est_usu">
                CREATE TABLE `est_usu` (
                  `Id_est_usu` int(3) NOT NULL AUTO_INCREMENT,
                  `name_est_usu` varchar(20) NOT NULL,
                  PRIMARY KEY (`Id_est_usu`)
                ) ENGINE=InnoDB AUTO_INCREMENT=3 DEFAULT CHARSET=utf8mb4;
            </pma:table>
            <pma:table name="factura">
                CREATE TABLE `factura` (
                  `Num_fact` int(20) NOT NULL AUTO_INCREMENT,
                  `Est_fact` int(2) NOT NULL,
                  `Tip_pag` int(2) NOT NULL,
                  `Id_cliente` int(8) DEFAULT NULL,
                  `eple_fact` int(3) NOT NULL,
                  `Fecha_fact` datetime NOT NULL,
                  `Caja_fact` int(3) NOT NULL,
                  `det_fac` int(20) NOT NULL,
                  `Neto_val` decimal(10,2) NOT NULL,
                  `Iva` int(3) NOT NULL,
                  `Subtotal_Fac` int(20) DEFAULT NULL,
                  PRIMARY KEY (`Num_fact`),
                  KEY `fk_facempl` (`eple_fact`),
                  KEY `fk_estfac_2` (`Id_cliente`),
                  KEY `Est_fact` (`Est_fact`),
                  KEY `fk_pago` (`Tip_pag`),
                  CONSTRAINT `factura_ibfk_1` FOREIGN KEY (`Est_fact`) REFERENCES `est_fact` (`Id_est_fact`),
                  CONSTRAINT `fk_estfac_2` FOREIGN KEY (`Id_cliente`) REFERENCES `cliente` (`Id_clie`),
                  CONSTRAINT `fk_facempl` FOREIGN KEY (`eple_fact`) REFERENCES `empleados` (`ID_empl`),
                  CONSTRAINT `fk_pago` FOREIGN KEY (`Tip_pag`) REFERENCES `tip_pag` (`Id_tip_pag`)
                ) ENGINE=InnoDB AUTO_INCREMENT=1002 DEFAULT CHARSET=utf8mb4;
            </pma:table>
            <pma:table name="inventario">
                CREATE TABLE `inventario` (
                  `Entra_2` int(20) NOT NULL,
                  `Id_prod` int(20) DEFAULT NULL,
                  `Entr_inv` int(3) DEFAULT NULL,
                  `Sal_inv` int(3) DEFAULT NULL,
                  `Saldo_inv` int(3) DEFAULT NULL,
                  PRIMARY KEY (`Entra_2`),
                  KEY `fk_inve_prod` (`Id_prod`),
                  CONSTRAINT `fk_inve_prod` FOREIGN KEY (`Id_prod`) REFERENCES `producto` (`Id_prod`) ON DELETE CASCADE ON UPDATE CASCADE
                ) ENGINE=InnoDB DEFAULT CHARSET=utf8mb4;
            </pma:table>
            <pma:table name="inve_has_detfac">
                CREATE TABLE `inve_has_detfac` (
                  `Entra_2` int(20) NOT NULL,
                  `Id_comp` int(20) NOT NULL,
                  KEY `fk_invedetfac_a` (`Entra_2`),
                  KEY `fk_invedetfac_b` (`Id_comp`),
                  CONSTRAINT `fk_invedetfac_a` FOREIGN KEY (`Entra_2`) REFERENCES `inventario` (`Entra_2`),
                  CONSTRAINT `fk_invedetfac_b` FOREIGN KEY (`Id_comp`) REFERENCES `detal_fact` (`Id_comp`)
                ) ENGINE=InnoDB DEFAULT CHARSET=utf8mb4;
            </pma:table>
            <pma:table name="movi_inv">
                CREATE TABLE `movi_inv` (
                  `Id_movi_inv` int(13) NOT NULL AUTO_INCREMENT,
                  `Tip_mov_inv` int(2) NOT NULL,
                  `Est_mov_inv` int(2) NOT NULL,
                  `Entra_2_inv` int(20) NOT NULL,
                  `Fecha_mov_inv` datetime NOT NULL,
                  `Desc_mov_inv` varchar(250) NOT NULL,
                  `Cant_mov_inv` int(3) NOT NULL,
                  PRIMARY KEY (`Id_movi_inv`),
                  KEY `fk_movtip` (`Tip_mov_inv`),
                  KEY `fk_movest` (`Est_mov_inv`),
                  KEY `fk_moventr` (`Entra_2_inv`),
                  CONSTRAINT `fk_moventr` FOREIGN KEY (`Entra_2_inv`) REFERENCES `inventario` (`Entra_2`),
                  CONSTRAINT `fk_movest` FOREIGN KEY (`Est_mov_inv`) REFERENCES `estad_mov` (`Id_estad_mov`),
                  CONSTRAINT `fk_movtip` FOREIGN KEY (`Tip_mov_inv`) REFERENCES `tip_mov` (`Id_tip_mov`)
                ) ENGINE=InnoDB AUTO_INCREMENT=2002 DEFAULT CHARSET=utf8mb4;
            </pma:table>
            <pma:table name="producto">
                CREATE TABLE `producto` (
                  `Id_prod` int(20) NOT NULL AUTO_INCREMENT,
                  `Est_prod` int(2) NOT NULL,
                  `Tip_prod` int(2) NOT NULL,
                  `Prov` int(8) NOT NULL,
                  `Nam_prod` varchar(30) NOT NULL,
                  `Carac_prod` varchar(250) NOT NULL,
                  `Puntua_prod` float NOT NULL,
                  `Val_prod` decimal(10,2) NOT NULL,
                  `Iva_prod` int(3) NOT NULL,
                  `Presen_prod` varchar(25) NOT NULL,
                  `Tam_prod` varchar(25) NOT NULL,
                  `img_prod` longblob NOT NULL,
                  PRIMARY KEY (`Id_prod`),
                  KEY `fk_Produc_EstProduc` (`Est_prod`),
                  KEY `fk_Produc_Prov` (`Prov`),
                  KEY `fk_Produc_Tiproduc` (`Tip_prod`),
                  CONSTRAINT `fk_Produc_EstProduc` FOREIGN KEY (`Est_prod`) REFERENCES `estad_prod` (`Id_estad_prod`) ON DELETE CASCADE ON UPDATE CASCADE,
                  CONSTRAINT `fk_Produc_Prov` FOREIGN KEY (`Prov`) REFERENCES `proveedor` (`Id_prov`) ON DELETE CASCADE ON UPDATE CASCADE,
                  CONSTRAINT `fk_Produc_Tiproduc` FOREIGN KEY (`Tip_prod`) REFERENCES `tip_prod` (`Id_tip_prod`) ON DELETE CASCADE ON UPDATE CASCADE
                ) ENGINE=InnoDB AUTO_INCREMENT=10000 DEFAULT CHARSET=utf8mb4;
            </pma:table>
            <pma:table name="proveedor">
                CREATE TABLE `proveedor` (
                  `Id_prov` int(20) NOT NULL AUTO_INCREMENT,
                  `Empre_prov` int(2) NOT NULL,
                  `Est_prov` int(2) NOT NULL,
                  `Nam_prov` varchar(30) NOT NULL,
                  `Cel_prov` int(10) DEFAULT NULL,
                  `Tel_prov` int(10) DEFAULT NULL,
                  `Cedu_prov` int(13) NOT NULL,
                  `Dir_prov` varchar(30) NOT NULL,
                  `Notas_prov` varchar(250) NOT NULL,
                  PRIMARY KEY (`Id_prov`),
                  KEY `fk_provempre` (`Empre_prov`),
                  KEY `fk_prove_est` (`Est_prov`),
                  CONSTRAINT `fk_prove_est` FOREIGN KEY (`Est_prov`) REFERENCES `est_prov` (`Id_est_prov`) ON DELETE CASCADE ON UPDATE CASCADE,
                  CONSTRAINT `fk_provempre` FOREIGN KEY (`Empre_prov`) REFERENCES `empre_prov` (`Id_empre_prov`) ON DELETE CASCADE ON UPDATE CASCADE
                ) ENGINE=InnoDB AUTO_INCREMENT=1006 DEFAULT CHARSET=utf8mb4;
            </pma:table>
            <pma:table name="solic_emp">
                CREATE TABLE `solic_emp` (
                  `Id_sol_emp` int(8) NOT NULL AUTO_INCREMENT,
                  `Est_sol_emp` int(2) DEFAULT NULL,
                  `Tip_usu` int(2) DEFAULT NULL,
                  `Tip_doc_usu` int(2) DEFAULT NULL,
                  `doc_usu` int(20) DEFAULT NULL,
                  `Sol_emp` text DEFAULT NULL,
                  `Email_sol` varchar(40) DEFAULT NULL,
                  `Nombre` varchar(45) NOT NULL,
                  `Pass_sol` varchar(100) DEFAULT NULL,
                  `Fecha_nac` datetime NOT NULL,
                  `Fecha_sol` datetime DEFAULT NULL,
                  PRIMARY KEY (`Id_sol_emp`),
                  KEY `fk_estsol` (`Est_sol_emp`),
                  KEY `fk_Tip_usu` (`Tip_usu`),
                  KEY `fk_tip_doc` (`Tip_doc_usu`),
                  CONSTRAINT `fk_Tip_usu` FOREIGN KEY (`Tip_usu`) REFERENCES `tip_usu` (`Id_tip_usu`),
                  CONSTRAINT `fk_estsol` FOREIGN KEY (`Est_sol_emp`) REFERENCES `est_sol` (`Id_est_sol`),
                  CONSTRAINT `fk_tip_doc` FOREIGN KEY (`Tip_doc_usu`) REFERENCES `tip_doc` (`Id_tip_doc`)
                ) ENGINE=InnoDB AUTO_INCREMENT=86 DEFAULT CHARSET=utf8mb4;
            </pma:table>
            <pma:table name="tip_doc">
                CREATE TABLE `tip_doc` (
                  `Id_tip_doc` int(2) NOT NULL AUTO_INCREMENT,
                  `Nam_tip_doc` varchar(15) DEFAULT NULL,
                  PRIMARY KEY (`Id_tip_doc`)
                ) ENGINE=InnoDB AUTO_INCREMENT=3 DEFAULT CHARSET=utf8mb4;
            </pma:table>
            <pma:table name="tip_mov">
                CREATE TABLE `tip_mov` (
                  `Id_tip_mov` int(2) NOT NULL AUTO_INCREMENT,
                  `Nam_tip_mov` varchar(25) NOT NULL,
                  PRIMARY KEY (`Id_tip_mov`)
                ) ENGINE=InnoDB AUTO_INCREMENT=4 DEFAULT CHARSET=utf8mb4;
            </pma:table>
            <pma:table name="tip_pag">
                CREATE TABLE `tip_pag` (
                  `Id_tip_pag` int(2) NOT NULL AUTO_INCREMENT,
                  `Nam_tip_pag` varchar(25) NOT NULL,
                  PRIMARY KEY (`Id_tip_pag`)
                ) ENGINE=InnoDB AUTO_INCREMENT=4 DEFAULT CHARSET=utf8mb4;
            </pma:table>
            <pma:table name="tip_prod">
                CREATE TABLE `tip_prod` (
                  `Id_tip_prod` int(2) NOT NULL AUTO_INCREMENT,
                  `Nam_tip_prod` varchar(25) CHARACTER SET utf8mb4 COLLATE utf8mb4_spanish_ci DEFAULT NULL,
                  PRIMARY KEY (`Id_tip_prod`)
                ) ENGINE=InnoDB AUTO_INCREMENT=10 DEFAULT CHARSET=utf8mb4;
            </pma:table>
            <pma:table name="tip_usu">
                CREATE TABLE `tip_usu` (
                  `Id_tip_usu` int(2) NOT NULL AUTO_INCREMENT,
                  `nam_tip_usu` varchar(15) NOT NULL,
                  PRIMARY KEY (`Id_tip_usu`)
                ) ENGINE=InnoDB AUTO_INCREMENT=5 DEFAULT CHARSET=utf8mb4;
            </pma:table>
        </pma:database>
    </pma:structure_schemas>

    <!--
    - Base de datos: 'coortiendas_a'
    -->
    <database name="coortiendas_a">
        <!-- Tabla cliente -->
        <table name="cliente">
            <column name="Id_clie">1001</column>
            <column name="Est_clie">1</column>
            <column name="Nam_clie">Jose Gonzales</column>
            <column name="Apel_clie">NULL</column>
            <column name="email_clie">Jg0zales18@gmail.com</column>
            <column name="Pass_clie">JGON123</column>
        </table>
        <table name="cliente">
            <column name="Id_clie">1002</column>
            <column name="Est_clie">2</column>
            <column name="Nam_clie">Maria Mercedes</column>
            <column name="Apel_clie">NULL</column>
            <column name="email_clie">Marimer@gmail.com</column>
            <column name="Pass_clie">MARILINDA123</column>
        </table>
        <table name="cliente">
            <column name="Id_clie">1003</column>
            <column name="Est_clie">1</column>
            <column name="Nam_clie">Carolina Herrera</column>
            <column name="Apel_clie">NULL</column>
            <column name="email_clie">caroherrera@Hotmail.com</column>
            <column name="Pass_clie">carito123</column>
        </table>
        <table name="cliente">
            <column name="Id_clie">1004</column>
            <column name="Est_clie">1</column>
            <column name="Nam_clie">aaa aaaa aaa aaaa</column>
            <column name="Apel_clie">NULL</column>
            <column name="email_clie">aaa@gmail.com</column>
            <column name="Pass_clie">$2y$10$Fu9raIbrCI99sHp6HN7hnuY</column>
        </table>
        <table name="cliente">
            <column name="Id_clie">1007</column>
            <column name="Est_clie">1</column>
            <column name="Nam_clie">ccc ccc cccc ccc</column>
            <column name="Apel_clie">NULL</column>
            <column name="email_clie">ccc@gmail.com</column>
            <column name="Pass_clie">$2y$10$blwMZMJCD9bMV9jOmPqoI.FbJPz7B7Xfw/GC7CXSb//UXaqaT14vW</column>
        </table>
        <table name="cliente">
            <column name="Id_clie">1009</column>
            <column name="Est_clie">1</column>
            <column name="Nam_clie">zzzzz   zzzzz zzzz</column>
            <column name="Apel_clie">NULL</column>
            <column name="email_clie">zz@gmal.com</column>
            <column name="Pass_clie">$2y$10$DDB./XWmcWMsFraeXYIC1.rlrWkAGOD2FQvGSt6LCy/9z7.QkEvne</column>
        </table>
        <table name="cliente">
            <column name="Id_clie">1010</column>
            <column name="Est_clie">1</column>
            <column name="Nam_clie">bbb</column>
            <column name="Apel_clie">NULL</column>
            <column name="email_clie">bbb@gmail.com</column>
            <column name="Pass_clie">$2y$10$H/ENfMz56fg1bF1j.ITvl./rouofWGv2OF0ffmFyftPKpX5XFJ6.C</column>
        </table>
        <table name="cliente">
            <column name="Id_clie">1011</column>
            <column name="Est_clie">1</column>
            <column name="Nam_clie">xxx</column>
            <column name="Apel_clie">NULL</column>
            <column name="email_clie">xxxx@gmail.com</column>
            <column name="Pass_clie">$2y$10$z6nUG60VWUNKtQWfC4Lncuhr2dQtMTElG01aAY4VS/eDGI2fRd1Ly</column>
        </table>
        <table name="cliente">
            <column name="Id_clie">1012</column>
            <column name="Est_clie">1</column>
            <column name="Nam_clie">vvv</column>
            <column name="Apel_clie">NULL</column>
            <column name="email_clie">vvv@gmail.com</column>
            <column name="Pass_clie">$2y$10$9T0SotgDiGopCzBN/6lmH.0IONIL3DawUNIe8ZYOVar3w7DU6v33W</column>
        </table>
        <table name="cliente">
            <column name="Id_clie">1013</column>
            <column name="Est_clie">1</column>
            <column name="Nam_clie">lll</column>
            <column name="Apel_clie">NULL</column>
            <column name="email_clie">mm@gmail.com</column>
            <column name="Pass_clie">$2y$10$7CMeBQfqThDtFrCDrWdQdOMcmKuKmea3seszyfv241YH7Zkx4lfte</column>
        </table>
        <table name="cliente">
            <column name="Id_clie">1014</column>
            <column name="Est_clie">1</column>
            <column name="Nam_clie">fg</column>
            <column name="Apel_clie">NULL</column>
            <column name="email_clie">fg@gmail.com</column>
            <column name="Pass_clie">$2y$10$9DNWEMLa6/eACK.LuljBZeFRXKhnFUfQrjs9U9pEBW8tm01wm56d.</column>
        </table>
        <table name="cliente">
            <column name="Id_clie">1015</column>
            <column name="Est_clie">1</column>
            <column name="Nam_clie">dd</column>
            <column name="Apel_clie">NULL</column>
            <column name="email_clie">dd@gmail.com</column>
            <column name="Pass_clie">$2y$10$99uF/Tv8CMeBhePgPVz/O.wt4nTL.0/v8hycH56jrwzvJisv2sihS</column>
        </table>
        <table name="cliente">
            <column name="Id_clie">1016</column>
            <column name="Est_clie">1</column>
            <column name="Nam_clie">hh</column>
            <column name="Apel_clie">NULL</column>
            <column name="email_clie">hh@gmail.com</column>
            <column name="Pass_clie">$2y$10$sX9n.yV3NdS.DJZLi46DzOALFdV34rxBwempu6fPHm/9jwXjXcmYi</column>
        </table>
        <table name="cliente">
            <column name="Id_clie">1017</column>
            <column name="Est_clie">1</column>
            <column name="Nam_clie">aaa aaa AAA</column>
            <column name="Apel_clie">NULL</column>
            <column name="email_clie">lam@gmail.com</column>
            <column name="Pass_clie">$2y$10$v2XN6zNQHFXrEHTvoVoCW.uQQvgHbvGByWct.ewL0knbaJ8fxKng6</column>
        </table>
        <table name="cliente">
            <column name="Id_clie">374831</column>
            <column name="Est_clie">1</column>
            <column name="Nam_clie">Estella</column>
            <column name="Apel_clie">Minares</column>
            <column name="email_clie">EstellitaMen2837@gmail.com</column>
            <column name="Pass_clie">Estellitabonita</column>
        </table>
        <table name="cliente">
            <column name="Id_clie">376372</column>
            <column name="Est_clie">1</column>
            <column name="Nam_clie">Julia</column>
            <column name="Apel_clie">Cepeda</column>
            <column name="email_clie">Julia323@hotmail.com</column>
            <column name="Pass_clie">Lolita feliz300</column>
        </table>
        <table name="cliente">
            <column name="Id_clie">376475</column>
            <column name="Est_clie">1</column>
            <column name="Nam_clie">Martina</column>
            <column name="Apel_clie">Suarez</column>
            <column name="email_clie">MartiSua728@gmail.com</column>
            <column name="Pass_clie">MartiSua</column>
        </table>
        <table name="cliente">
            <column name="Id_clie">474777</column>
            <column name="Est_clie">1</column>
            <column name="Nam_clie">Martina</column>
            <column name="Apel_clie">Vargas</column>
            <column name="email_clie">MartinaVar82@hotmail.com</column>
            <column name="Pass_clie">Martinitalabonita</column>
        </table>
        <table name="cliente">
            <column name="Id_clie">736473</column>
            <column name="Est_clie">1</column>
            <column name="Nam_clie">Carlos</column>
            <column name="Apel_clie">Ramirez</column>
            <column name="email_clie">carlosramirez@gmail.com</column>
            <column name="Pass_clie">CarlosR9098</column>
        </table>
        <table name="cliente">
            <column name="Id_clie">745633</column>
            <column name="Est_clie">1</column>
            <column name="Nam_clie">Pablo</column>
            <column name="Apel_clie">Gonzales</column>
            <column name="email_clie">Gergoza283@yahoo.com</column>
            <column name="Pass_clie">Germa8446722</column>
        </table>
        <table name="cliente">
            <column name="Id_clie">764332</column>
            <column name="Est_clie">2</column>
            <column name="Nam_clie">Carolina</column>
            <column name="Apel_clie">Cepeda</column>
            <column name="email_clie">carolcepeda@yahoo.es</column>
            <column name="Pass_clie">&quot;Car!&quot;&quot;#$%&amp;/()=&quot;</column>
        </table>
        <table name="cliente">
            <column name="Id_clie">773928</column>
            <column name="Est_clie">1</column>
            <column name="Nam_clie">Mario</column>
            <column name="Apel_clie">Mendoza</column>
            <column name="email_clie">MarioMen23@outlook.com</column>
            <column name="Pass_clie">MarioElM3jorsh</column>
        </table>
        <table name="cliente">
            <column name="Id_clie">809324</column>
            <column name="Est_clie">2</column>
            <column name="Nam_clie">PAULA</column>
            <column name="Apel_clie">Mendoza</column>
            <column name="email_clie">paulamendoza54@outlook.com</column>
            <column name="Pass_clie">Paulisgatito1</column>
        </table>
        <table name="cliente">
            <column name="Id_clie">832678</column>
            <column name="Est_clie">2</column>
            <column name="Nam_clie">Pablo</column>
            <column name="Apel_clie">HERNANDEZ</column>
            <column name="email_clie">Pablo@gmail.com</column>
            <column name="Pass_clie">Pablogomez</column>
        </table>
        <table name="cliente">
            <column name="Id_clie">837298</column>
            <column name="Est_clie">1</column>
            <column name="Nam_clie">Nicolas</column>
            <column name="Apel_clie">Ramirez</column>
            <column name="email_clie">daniramirez68_@gmail.com</column>
            <column name="Pass_clie">caballito feliz300----</column>
        </table>
        <table name="cliente">
            <column name="Id_clie">837647</column>
            <column name="Est_clie">2</column>
            <column name="Nam_clie">Daniela</column>
            <column name="Apel_clie">Ortiz</column>
            <column name="email_clie">Daniela23@gmail.com</column>
            <column name="Pass_clie">&quot;Danielita!&quot;&quot;#$&quot;</column>
        </table>
        <table name="cliente">
            <column name="Id_clie">840938</column>
            <column name="Est_clie">1</column>
            <column name="Nam_clie">Ivan</column>
            <column name="Apel_clie">Nu?ez</column>
            <column name="email_clie">ivanrodri@hotmail .com</column>
            <column name="Pass_clie">IvanNu456</column>
        </table>
        <table name="cliente">
            <column name="Id_clie">873483</column>
            <column name="Est_clie">1</column>
            <column name="Nam_clie">Esteban</column>
            <column name="Apel_clie">Alvarez </column>
            <column name="email_clie">EstebAlva23@hotmail.com</column>
            <column name="Pass_clie">&quot;Esteban     ?&quot;&quot;$$%&quot;</column>
        </table>
        <table name="cliente">
            <column name="Id_clie">903942</column>
            <column name="Est_clie">1</column>
            <column name="Nam_clie">Sebastian</column>
            <column name="Apel_clie">Jimenez</column>
            <column name="email_clie">Sebitas99@gmail.com</column>
            <column name="Pass_clie">Sebsper</column>
        </table>
        <table name="cliente">
            <column name="Id_clie">938432</column>
            <column name="Est_clie">1</column>
            <column name="Nam_clie">Martha</column>
            <column name="Apel_clie">Vargas</column>
            <column name="email_clie">Martica826@outlook.es</column>
            <column name="Pass_clie">Marticaladelasmaticas</column>
        </table>
        <table name="cliente">
            <column name="Id_clie">947754</column>
            <column name="Est_clie">1</column>
            <column name="Nam_clie">Juan</column>
            <column name="Apel_clie">luss</column>
            <column name="email_clie">Juan938@gmail.com</column>
            <column name="Pass_clie">&quot;!&quot;&quot;#$%&amp;/()&quot;</column>
        </table>
        <table name="cliente">
            <column name="Id_clie">948952</column>
            <column name="Est_clie">1</column>
            <column name="Nam_clie">Meredrina</column>
            <column name="Apel_clie">LOZANO</column>
            <column name="email_clie">medrinalozalimpia@gmail.com</column>
            <column name="Pass_clie">&quot;!&quot;&quot;#$%&amp;/()&quot;</column>
        </table>
        <table name="cliente">
            <column name="Id_clie">949630</column>
            <column name="Est_clie">1</column>
            <column name="Nam_clie">Pablo</column>
            <column name="Apel_clie">MENDOZA</column>
            <column name="email_clie">pablitococomaria@gmail.com</column>
            <column name="Pass_clie">&quot;!&quot;&quot;#$%&amp;/()fgf&quot;</column>
        </table>
        <table name="cliente">
            <column name="Id_clie">973828</column>
            <column name="Est_clie">1</column>
            <column name="Nam_clie">VERONICA</column>
            <column name="Apel_clie">RAMIREZ</column>
            <column name="email_clie">VerRami873@outlook.es</column>
            <column name="Pass_clie">Veroramirez12</column>
        </table>
        <table name="cliente">
            <column name="Id_clie">983939</column>
            <column name="Est_clie">1</column>
            <column name="Nam_clie">Camilo</column>
            <column name="Apel_clie">Fuentes</column>
            <column name="email_clie">Camilo123@yahoo.es</column>
            <column name="Pass_clie">Camilo123</column>
        </table>
        <table name="cliente">
            <column name="Id_clie">999947</column>
            <column name="Est_clie">1</column>
            <column name="Nam_clie">Valentina</column>
            <column name="Apel_clie">Herrera</column>
            <column name="email_clie">Valherrera8282@yahoo.es</column>
            <column name="Pass_clie">Velherrera987</column>
        </table>
        <!-- Tabla detal_fact -->
        <table name="detal_fact">
            <column name="Id_comp">1000</column>
            <column name="Num_fact">1001</column>
            <column name="id_prod">100</column>
            <column name="Cant_prod">5</column>
        </table>
        <!-- Tabla empleados -->
        <table name="empleados">
            <column name="ID_empl">1</column>
            <column name="Est_usu">1</column>
            <column name="Sol_empl">71</column>
            <column name="Email_empl">Luis16M15@outlook.com</column>
            <column name="Pass_emp">123Luis</column>
            <column name="Obser_empl">Buen trabajador</column>
            <column name="Edad_empl">20</column>
            <column name="img_eml">NULL</column>
        </table>
        <table name="empleados">
            <column name="ID_empl">2</column>
            <column name="Est_usu">1</column>
            <column name="Sol_empl">72</column>
            <column name="Email_empl">Mariros@outlook.com</column>
            <column name="Pass_emp">Mri456</column>
            <column name="Obser_empl">Gran trabajador</column>
            <column name="Edad_empl">54</column>
            <column name="img_eml">NULL</column>
        </table>
        <table name="empleados">
            <column name="ID_empl">5</column>
            <column name="Est_usu">1</column>
            <column name="Sol_empl">82</column>
            <column name="Email_empl">ccccc@gmail.com</column>
            <column name="Pass_emp">$2y$10$agZCBWyDuvoNp98iCEnuxeI6t.5PQilxCV/fRRk1FRkw34Gh8V7RC</column>
            <column name="Obser_empl">Honestidad e integridad</column>
            <column name="Edad_empl">0</column>
            <column name="img_eml">NULL</column>
        </table>
        <table name="empleados">
            <column name="ID_empl">566</column>
            <column name="Est_usu">1</column>
            <column name="Sol_empl">84</column>
            <column name="Email_empl">cd@gmail.com</column>
            <column name="Pass_emp">$2y$10$58DcJhT3.StoAAOiA6hrmO0fftT4cMUAWceR1GDcWrNYpQslqgCUq</column>
            <column name="Obser_empl">integridad</column>
            <column name="Edad_empl">0</column>
            <column name="img_eml">NULL</column>
        </table>
        <table name="empleados">
            <column name="ID_empl">5656</column>
            <column name="Est_usu">1</column>
            <column name="Sol_empl">83</column>
            <column name="Email_empl">vvv@gmail.com</column>
            <column name="Pass_emp">$2y$10$.BDeGZSJLwwIGIrB6SirrOU4qlduwjOo7q9M3B9S.8hjUHCICz..2</column>
            <column name="Obser_empl">honestidad</column>
            <column name="Edad_empl">0</column>
            <column name="img_eml">NULL</column>
        </table>
        <table name="empleados">
            <column name="ID_empl">222000</column>
            <column name="Est_usu">1</column>
            <column name="Sol_empl">80</column>
            <column name="Email_empl">sss@gmail.com</column>
            <column name="Pass_emp">$2y$10$P63nSNT5Kt9S.Ds4X2bKbellP14V9m4X75WTxhW/J5pjrFoxNckmm</column>
            <column name="Obser_empl">Integridad y confianza</column>
            <column name="Edad_empl">0</column>
            <column name="img_eml">NULL</column>
        </table>
        <table name="empleados">
            <column name="ID_empl">1110001110</column>
            <column name="Est_usu">1</column>
            <column name="Sol_empl">74</column>
            <column name="Email_empl">Andres@gmail.com</column>
            <column name="Pass_emp">$2y$10$5qFIuCS.gtDisRFckbJj1eMd6ateMqA2XYb4rNowFJ/mbqCGQldZe</column>
            <column name="Obser_empl">Gran Administrador.</column>
            <column name="Edad_empl">34</column>
            <column name="img_eml">NULL</column>
        </table>
        <!-- Tabla empre_prov -->
        <table name="empre_prov">
            <column name="Id_empre_prov">101</column>
            <column name="Nam_empre_prov">ALPINA</column>
        </table>
        <table name="empre_prov">
            <column name="Id_empre_prov">102</column>
            <column name="Nam_empre_prov">BIMBO</column>
        </table>
        <table name="empre_prov">
            <column name="Id_empre_prov">103</column>
            <column name="Nam_empre_prov">DORIA</column>
        </table>
        <table name="empre_prov">
            <column name="Id_empre_prov">104</column>
            <column name="Nam_empre_prov">SUPER RICAS</column>
        </table>
        <table name="empre_prov">
            <column name="Id_empre_prov">105</column>
            <column name="Nam_empre_prov">ZENÚ</column>
        </table>
        <!-- Tabla estad_mov -->
        <table name="estad_mov">
            <column name="Id_estad_mov">1</column>
            <column name="Nam_estad_mov">EN PROCESO</column>
        </table>
        <table name="estad_mov">
            <column name="Id_estad_mov">2</column>
            <column name="Nam_estad_mov">TERMINADO</column>
        </table>
        <table name="estad_mov">
            <column name="Id_estad_mov">3</column>
            <column name="Nam_estad_mov">CANCELADO</column>
        </table>
        <!-- Tabla estad_prod -->
        <table name="estad_prod">
            <column name="Id_estad_prod">1</column>
            <column name="Nam_estad_prod">ACTIVO</column>
        </table>
        <table name="estad_prod">
            <column name="Id_estad_prod">2</column>
            <column name="Nam_estad_prod">INACTIVO</column>
        </table>
        <table name="estad_prod">
            <column name="Id_estad_prod">3</column>
            <column name="Nam_estad_prod">SIN EXISTENCIAS</column>
        </table>
        <table name="estad_prod">
            <column name="Id_estad_prod">4</column>
            <column name="Nam_estad_prod">EN DESCUENTO</column>
        </table>
        <!-- Tabla est_fact -->
        <table name="est_fact">
            <column name="Id_est_fact">1</column>
            <column name="Nam_est_fact">REALIZADA</column>
        </table>
        <table name="est_fact">
            <column name="Id_est_fact">2</column>
            <column name="Nam_est_fact">EN PROCESO</column>
        </table>
        <table name="est_fact">
            <column name="Id_est_fact">3</column>
            <column name="Nam_est_fact">CANCELADO</column>
        </table>
        <!-- Tabla est_prov -->
        <table name="est_prov">
            <column name="Id_est_prov">1</column>
            <column name="Nam_est_prov">ACTIVO</column>
        </table>
        <table name="est_prov">
            <column name="Id_est_prov">2</column>
            <column name="Nam_est_prov">INACTIVO</column>
        </table>
        <!-- Tabla est_sol -->
        <table name="est_sol">
            <column name="Id_est_sol">1</column>
            <column name="nam_est_sol">ACEPTADA</column>
        </table>
        <table name="est_sol">
            <column name="Id_est_sol">2</column>
            <column name="nam_est_sol">DENEGADA</column>
        </table>
        <table name="est_sol">
            <column name="Id_est_sol">3</column>
            <column name="nam_est_sol">EN PROCESO</column>
        </table>
        <!-- Tabla est_usu -->
        <table name="est_usu">
            <column name="Id_est_usu">1</column>
            <column name="name_est_usu">ACTIVO</column>
        </table>
        <table name="est_usu">
            <column name="Id_est_usu">2</column>
            <column name="name_est_usu">INACTIVO</column>
        </table>
        <!-- Tabla factura -->
        <table name="factura">
            <column name="Num_fact">1001</column>
            <column name="Est_fact">1</column>
            <column name="Tip_pag">3</column>
            <column name="Id_cliente">1002</column>
            <column name="eple_fact">1</column>
            <column name="Fecha_fact">2020-08-11 00:45:32</column>
            <column name="Caja_fact">1</column>
            <column name="det_fac">1000</column>
            <column name="Neto_val">16000.00</column>
            <column name="Iva">19</column>
            <column name="Subtotal_Fac">NULL</column>
        </table>
        <!-- Tabla inventario -->
        <table name="inventario">
            <column name="Entra_2">1</column>
            <column name="Id_prod">100</column>
            <column name="Entr_inv">100</column>
            <column name="Sal_inv">25</column>
            <column name="Saldo_inv">75</column>
        </table>
        <table name="inventario">
            <column name="Entra_2">2</column>
            <column name="Id_prod">104</column>
            <column name="Entr_inv">30</column>
            <column name="Sal_inv">15</column>
            <column name="Saldo_inv">15</column>
        </table>
        <table name="inventario">
            <column name="Entra_2">3</column>
            <column name="Id_prod">101</column>
            <column name="Entr_inv">25</column>
            <column name="Sal_inv">7</column>
            <column name="Saldo_inv">18</column>
        </table>
        <table name="inventario">
            <column name="Entra_2">4</column>
            <column name="Id_prod">102</column>
            <column name="Entr_inv">7</column>
            <column name="Sal_inv">5</column>
            <column name="Saldo_inv">2</column>
        </table>
        <table name="inventario">
            <column name="Entra_2">5</column>
            <column name="Id_prod">103</column>
            <column name="Entr_inv">20</column>
            <column name="Sal_inv">5</column>
            <column name="Saldo_inv">15</column>
        </table>
        <!-- Tabla inve_has_detfac -->
        <table name="inve_has_detfac">
            <column name="Entra_2">1</column>
            <column name="Id_comp">1000</column>
        </table>
        <!-- Tabla movi_inv -->
        <table name="movi_inv">
            <column name="Id_movi_inv">2001</column>
            <column name="Tip_mov_inv">1</column>
            <column name="Est_mov_inv">1</column>
            <column name="Entra_2_inv">1</column>
            <column name="Fecha_mov_inv">2020-08-24 10:35:10</column>
            <column name="Desc_mov_inv">3000</column>
            <column name="Cant_mov_inv">100</column>
        </table>
        <!-- Tabla producto -->
        <table name="producto">
            <column name="Id_prod">56</column>
            <column name="Est_prod">1</column>
            <column name="Tip_prod">3</column>
            <column name="Prov">1004</column>
            <column name="Nam_prod">sss</column>
            <column name="Carac_prod">lindo</column>
            <column name="Puntua_prod">0</column>
            <column name="Val_prod">400.00</column>
            <column name="Iva_prod">15</column>
            <column name="Presen_prod">1</column>
            <column name="Tam_prod">25</column>
            <column name="img_prod"></column>
        </table>
        <table name="producto">
            <column name="Id_prod">100</column>
            <column name="Est_prod">1</column>
            <column name="Tip_prod">1</column>
            <column name="Prov">1002</column>
            <column name="Nam_prod">huevitos rico pollo</column>
            <column name="Carac_prod">xxx</column>
            <column name="Puntua_prod">0</column>
            <column name="Val_prod">3000.00</column>
            <column name="Iva_prod">19</column>
            <column name="Presen_prod">1</column>
            <column name="Tam_prod">1100ml</column>
            <column name="img_prod"></column>
        </table>
        <table name="producto">
            <column name="Id_prod">101</column>
            <column name="Est_prod">1</column>
            <column name="Tip_prod">9</column>
            <column name="Prov">1000</column>
            <column name="Nam_prod">aseo 1</column>
            <column name="Carac_prod">www</column>
            <column name="Puntua_prod">0</column>
            <column name="Val_prod">100.00</column>
            <column name="Iva_prod">10</column>
            <column name="Presen_prod">1</column>
            <column name="Tam_prod">115g</column>
            <column name="img_prod"></column>
        </table>
        <table name="producto">
            <column name="Id_prod">102</column>
            <column name="Est_prod">1</column>
            <column name="Tip_prod">4</column>
            <column name="Prov">1003</column>
            <column name="Nam_prod">Mortadela Tradicional Zenú</column>
            <column name="Carac_prod">De gran calidad,</column>
            <column name="Puntua_prod">0</column>
            <column name="Val_prod">3500.00</column>
            <column name="Iva_prod">19</column>
            <column name="Presen_prod">15</column>
            <column name="Tam_prod">450g</column>
            <column name="img_prod"></column>
        </table>
        <table name="producto">
            <column name="Id_prod">103</column>
            <column name="Est_prod">1</column>
            <column name="Tip_prod">5</column>
            <column name="Prov">1002</column>
            <column name="Nam_prod">Pan tajado Bimbo</column>
            <column name="Carac_prod">Crocante</column>
            <column name="Puntua_prod">0</column>
            <column name="Val_prod">2800.00</column>
            <column name="Iva_prod">19</column>
            <column name="Presen_prod">35</column>
            <column name="Tam_prod">600g</column>
            <column name="img_prod"></column>
        </table>
        <table name="producto">
            <column name="Id_prod">104</column>
            <column name="Est_prod">2</column>
            <column name="Tip_prod">1</column>
            <column name="Prov">1002</column>
            <column name="Nam_prod">Yogurt Alpina</column>
            <column name="Carac_prod">cremoso</column>
            <column name="Puntua_prod">0</column>
            <column name="Val_prod">2000.00</column>
            <column name="Iva_prod">19</column>
            <column name="Presen_prod">1</column>
            <column name="Tam_prod">200g</column>
            <column name="img_prod"></column>
        </table>
        <table name="producto">
            <column name="Id_prod">111</column>
            <column name="Est_prod">1</column>
            <column name="Tip_prod">2</column>
            <column name="Prov">1004</column>
            <column name="Nam_prod">chosiitos</column>
            <column name="Carac_prod">hola</column>
            <column name="Puntua_prod">0</column>
            <column name="Val_prod">1000.00</column>
            <column name="Iva_prod">19</column>
            <column name="Presen_prod">12 kg</column>
            <column name="Tam_prod">10 </column>
            <column name="img_prod"></column>
        </table>
        <table name="producto">
            <column name="Id_prod">333</column>
            <column name="Est_prod">1</column>
            <column name="Tip_prod">2</column>
            <column name="Prov">1002</column>
            <column name="Nam_prod">wqeqwe</column>
            <column name="Carac_prod">qwe qwe</column>
            <column name="Puntua_prod">0</column>
            <column name="Val_prod">1000.00</column>
            <column name="Iva_prod">12</column>
            <column name="Presen_prod">1</column>
            <column name="Tam_prod">150 kg</column>
            <column name="img_prod"></column>
        </table>
        <table name="producto">
            <column name="Id_prod">334</column>
            <column name="Est_prod">1</column>
            <column name="Tip_prod">1</column>
            <column name="Prov">1002</column>
            <column name="Nam_prod">Leche alpina entera</column>
            <column name="Carac_prod">gggdgf</column>
            <column name="Puntua_prod">0</column>
            <column name="Val_prod">3000.00</column>
            <column name="Iva_prod">19</column>
            <column name="Presen_prod">2</column>
            <column name="Tam_prod">1100</column>
            <column name="img_prod"></column>
        </table>
        <table name="producto">
            <column name="Id_prod">335</column>
            <column name="Est_prod">1</column>
            <column name="Tip_prod">1</column>
            <column name="Prov">1002</column>
            <column name="Nam_prod">Leche alpina entera</column>
            <column name="Carac_prod">gggdgf</column>
            <column name="Puntua_prod">0</column>
            <column name="Val_prod">3000.00</column>
            <column name="Iva_prod">19</column>
            <column name="Presen_prod">2</column>
            <column name="Tam_prod">1100</column>
            <column name="img_prod"></column>
        </table>
        <table name="producto">
            <column name="Id_prod">336</column>
            <column name="Est_prod">1</column>
            <column name="Tip_prod">1</column>
            <column name="Prov">1002</column>
            <column name="Nam_prod">Leche alqueria entera</column>
            <column name="Carac_prod">de gran calidad</column>
            <column name="Puntua_prod">0</column>
            <column name="Val_prod">3000.00</column>
            <column name="Iva_prod">19</column>
            <column name="Presen_prod">1</column>
            <column name="Tam_prod">1100ml</column>
            <column name="img_prod"></column>
        </table>
        <table name="producto">
            <column name="Id_prod">444</column>
            <column name="Est_prod">1</column>
            <column name="Tip_prod">3</column>
            <column name="Prov">1002</column>
            <column name="Nam_prod">xxx</column>
            <column name="Carac_prod">xxx</column>
            <column name="Puntua_prod">0</column>
            <column name="Val_prod">111.00</column>
            <column name="Iva_prod">1100</column>
            <column name="Presen_prod">1</column>
            <column name="Tam_prod"></column>
            <column name="img_prod"></column>
        </table>
        <table name="producto">
            <column name="Id_prod">9999</column>
            <column name="Est_prod">1</column>
            <column name="Tip_prod">2</column>
            <column name="Prov">1000</column>
            <column name="Nam_prod">carnes deliciosas</column>
            <column name="Carac_prod">www</column>
            <column name="Puntua_prod">0</column>
            <column name="Val_prod">10.00</column>
            <column name="Iva_prod">1</column>
            <column name="Presen_prod">15</column>
            <column name="Tam_prod">45</column>
            <column name="img_prod"></column>
        </table>
        <!-- Tabla proveedor -->
        <table name="proveedor">
            <column name="Id_prov">1000</column>
            <column name="Empre_prov">101</column>
            <column name="Est_prov">1</column>
            <column name="Nam_prov">Juan Mendez</column>
            <column name="Cel_prov">2147483647</column>
            <column name="Tel_prov">4475867</column>
            <column name="Cedu_prov">1234567890</column>
            <column name="Dir_prov">Carrera 55 #78-7 norte</column>
            <column name="Notas_prov">Gracias amores</column>
        </table>
        <table name="proveedor">
            <column name="Id_prov">1001</column>
            <column name="Empre_prov">103</column>
            <column name="Est_prov">2</column>
            <column name="Nam_prov">Laura Dominguez</column>
            <column name="Cel_prov">452317945</column>
            <column name="Tel_prov">6775658</column>
            <column name="Cedu_prov">2147483647</column>
            <column name="Dir_prov">Calle 100 # 78-45</column>
            <column name="Notas_prov">Llega temprano</column>
        </table>
        <table name="proveedor">
            <column name="Id_prov">1002</column>
            <column name="Empre_prov">102</column>
            <column name="Est_prov">1</column>
            <column name="Nam_prov">Maicol Martinez</column>
            <column name="Cel_prov">402345678</column>
            <column name="Tel_prov">4504788</column>
            <column name="Cedu_prov">2147483647</column>
            <column name="Dir_prov">Carrera 34 #58b</column>
            <column name="Notas_prov">No confiar en el</column>
        </table>
        <table name="proveedor">
            <column name="Id_prov">1003</column>
            <column name="Empre_prov">105</column>
            <column name="Est_prov">2</column>
            <column name="Nam_prov">Rogrigo Jimenez</column>
            <column name="Cel_prov">125795678</column>
            <column name="Tel_prov">4505657</column>
            <column name="Cedu_prov">2147483647</column>
            <column name="Dir_prov">Calle 55-7 # 88b</column>
            <column name="Notas_prov">Mala entrega</column>
        </table>
        <table name="proveedor">
            <column name="Id_prov">1004</column>
            <column name="Empre_prov">104</column>
            <column name="Est_prov">1</column>
            <column name="Nam_prov">Julia Herrera</column>
            <column name="Cel_prov">205857545</column>
            <column name="Tel_prov">4778988</column>
            <column name="Cedu_prov">2147483647</column>
            <column name="Dir_prov">Carrera 45 #57-67b</column>
            <column name="Notas_prov">Excelentes productos comercializados</column>
        </table>
        <table name="proveedor">
            <column name="Id_prov">1005</column>
            <column name="Empre_prov">104</column>
            <column name="Est_prov">1</column>
            <column name="Nam_prov">aaa</column>
            <column name="Cel_prov">111</column>
            <column name="Tel_prov">222</column>
            <column name="Cedu_prov">123123</column>
            <column name="Dir_prov">cra 23#25-A</column>
            <column name="Notas_prov">Entrega Puntual, además es genial.</column>
        </table>
        <!-- Tabla solic_emp -->
        <table name="solic_emp">
            <column name="Id_sol_emp">71</column>
            <column name="Est_sol_emp">1</column>
            <column name="Tip_usu">3</column>
            <column name="Tip_doc_usu">1</column>
            <column name="doc_usu">NULL</column>
            <column name="Sol_emp">Deseo ser un buen empleado y cumplir con todas mir responzabilidades.</column>
            <column name="Email_sol">NULL</column>
            <column name="Nombre"></column>
            <column name="Pass_sol">NULL</column>
            <column name="Fecha_nac">0000-00-00 00:00:00</column>
            <column name="Fecha_sol">NULL</column>
        </table>
        <table name="solic_emp">
            <column name="Id_sol_emp">72</column>
            <column name="Est_sol_emp">1</column>
            <column name="Tip_usu">2</column>
            <column name="Tip_doc_usu">1</column>
            <column name="doc_usu">NULL</column>
            <column name="Sol_emp">Quiero ganarme el corazon de los clientes.</column>
            <column name="Email_sol">NULL</column>
            <column name="Nombre"></column>
            <column name="Pass_sol">NULL</column>
            <column name="Fecha_nac">0000-00-00 00:00:00</column>
            <column name="Fecha_sol">NULL</column>
        </table>
        <table name="solic_emp">
            <column name="Id_sol_emp">73</column>
            <column name="Est_sol_emp">1</column>
            <column name="Tip_usu">2</column>
            <column name="Tip_doc_usu">1</column>
            <column name="doc_usu">1111111111</column>
            <column name="Sol_emp">honestidad</column>
            <column name="Email_sol">zzz@gmail.com</column>
            <column name="Nombre">zzz zzz</column>
            <column name="Pass_sol">$2y$10$M3c6BP8KDWqlGcLq0GeQVe5WNXtY1l6K0wtr47S47AmBz7tzMtvEi</column>
            <column name="Fecha_nac">2000-01-20 00:00:00</column>
            <column name="Fecha_sol">2020-10-10 13:38:46</column>
        </table>
        <table name="solic_emp">
            <column name="Id_sol_emp">74</column>
            <column name="Est_sol_emp">1</column>
            <column name="Tip_usu">4</column>
            <column name="Tip_doc_usu">1</column>
            <column name="doc_usu">1110001110</column>
            <column name="Sol_emp">Gran emprendedor</column>
            <column name="Email_sol">Andres@gmail.com</column>
            <column name="Nombre">Andres Diaz</column>
            <column name="Pass_sol">$2y$10$cAFlUawnfYVhBWC8eCGXzO74.h1x0J1UAOi2Xkbm.75QHl6Xj1Fb.</column>
            <column name="Fecha_nac">1987-06-17 00:00:00</column>
            <column name="Fecha_sol">2020-10-11 20:52:34</column>
        </table>
        <table name="solic_emp">
            <column name="Id_sol_emp">80</column>
            <column name="Est_sol_emp">1</column>
            <column name="Tip_usu">3</column>
            <column name="Tip_doc_usu">1</column>
            <column name="doc_usu">222000</column>
            <column name="Sol_emp">Integridad y confianza</column>
            <column name="Email_sol">sss@gmail.com</column>
            <column name="Nombre">sss sss</column>
            <column name="Pass_sol">$2y$10$P63nSNT5Kt9S.Ds4X2bKbellP14V9m4X75WTxhW/J5pjrFoxNckmm</column>
            <column name="Fecha_nac">1996-02-07 00:00:00</column>
            <column name="Fecha_sol">2020-10-13 15:47:02</column>
        </table>
        <table name="solic_emp">
            <column name="Id_sol_emp">81</column>
            <column name="Est_sol_emp">2</column>
            <column name="Tip_usu">3</column>
            <column name="Tip_doc_usu">1</column>
            <column name="doc_usu">55555</column>
            <column name="Sol_emp">integridad y compromiso</column>
            <column name="Email_sol">laumen@gmail.com</column>
            <column name="Nombre">laura Mendoza</column>
            <column name="Pass_sol">$2y$10$43W.djEFhOeAQUERpZSyCO7he49j.qiPJ.DYsPo3J18l3/erfHnt.</column>
            <column name="Fecha_nac">1995-06-14 00:00:00</column>
            <column name="Fecha_sol">2020-10-13 16:48:18</column>
        </table>
        <table name="solic_emp">
            <column name="Id_sol_emp">82</column>
            <column name="Est_sol_emp">1</column>
            <column name="Tip_usu">3</column>
            <column name="Tip_doc_usu">1</column>
            <column name="doc_usu">5</column>
            <column name="Sol_emp">Honestidad e integridad</column>
            <column name="Email_sol">ccccc@gmail.com</column>
            <column name="Nombre">ccc ccc cccc ccc</column>
            <column name="Pass_sol">$2y$10$agZCBWyDuvoNp98iCEnuxeI6t.5PQilxCV/fRRk1FRkw34Gh8V7RC</column>
            <column name="Fecha_nac">1997-02-05 00:00:00</column>
            <column name="Fecha_sol">2020-10-13 18:19:08</column>
        </table>
        <table name="solic_emp">
            <column name="Id_sol_emp">83</column>
            <column name="Est_sol_emp">1</column>
            <column name="Tip_usu">3</column>
            <column name="Tip_doc_usu">1</column>
            <column name="doc_usu">5656</column>
            <column name="Sol_emp">honestidad</column>
            <column name="Email_sol">vvv@gmail.com</column>
            <column name="Nombre">vv</column>
            <column name="Pass_sol">$2y$10$.BDeGZSJLwwIGIrB6SirrOU4qlduwjOo7q9M3B9S.8hjUHCICz..2</column>
            <column name="Fecha_nac">1977-01-04 00:00:00</column>
            <column name="Fecha_sol">2020-10-19 12:07:47</column>
        </table>
        <table name="solic_emp">
            <column name="Id_sol_emp">84</column>
            <column name="Est_sol_emp">1</column>
            <column name="Tip_usu">3</column>
            <column name="Tip_doc_usu">1</column>
            <column name="doc_usu">566</column>
            <column name="Sol_emp">integridad</column>
            <column name="Email_sol">cd@gmail.com</column>
            <column name="Nombre">c</column>
            <column name="Pass_sol">$2y$10$58DcJhT3.StoAAOiA6hrmO0fftT4cMUAWceR1GDcWrNYpQslqgCUq</column>
            <column name="Fecha_nac">1989-05-10 00:00:00</column>
            <column name="Fecha_sol">2020-10-19 18:28:38</column>
        </table>
        <table name="solic_emp">
            <column name="Id_sol_emp">85</column>
            <column name="Est_sol_emp">3</column>
            <column name="Tip_usu">3</column>
            <column name="Tip_doc_usu">1</column>
            <column name="doc_usu">5669</column>
            <column name="Sol_emp">honestidad</column>
            <column name="Email_sol">jj@gmail.com</column>
            <column name="Nombre">jj</column>
            <column name="Pass_sol">$2y$10$ojMN3bKrtN/yWejc./wsO.5TSFt45/N9yLkyaWGeWYSzDyHQkts/C</column>
            <column name="Fecha_nac">1985-01-15 00:00:00</column>
            <column name="Fecha_sol">2020-10-20 15:33:38</column>
        </table>
        <!-- Tabla tip_doc -->
        <table name="tip_doc">
            <column name="Id_tip_doc">1</column>
            <column name="Nam_tip_doc">Cedula de ciuda</column>
        </table>
        <table name="tip_doc">
            <column name="Id_tip_doc">2</column>
            <column name="Nam_tip_doc">Cedula de extra</column>
        </table>
        <!-- Tabla tip_mov -->
        <table name="tip_mov">
            <column name="Id_tip_mov">1</column>
            <column name="Nam_tip_mov">ENTRADA</column>
        </table>
        <table name="tip_mov">
            <column name="Id_tip_mov">2</column>
            <column name="Nam_tip_mov">SALIDA</column>
        </table>
        <table name="tip_mov">
            <column name="Id_tip_mov">3</column>
            <column name="Nam_tip_mov">DEVOLUCION</column>
        </table>
        <!-- Tabla tip_pag -->
        <table name="tip_pag">
            <column name="Id_tip_pag">1</column>
            <column name="Nam_tip_pag">TARJETA DEBITO</column>
        </table>
        <table name="tip_pag">
            <column name="Id_tip_pag">2</column>
            <column name="Nam_tip_pag">TARJETA CREDITO</column>
        </table>
        <table name="tip_pag">
            <column name="Id_tip_pag">3</column>
            <column name="Nam_tip_pag">EFECTIVO</column>
        </table>
        <!-- Tabla tip_prod -->
        <table name="tip_prod">
            <column name="Id_tip_prod">1</column>
            <column name="Nam_tip_prod">Lacteos</column>
        </table>
        <table name="tip_prod">
            <column name="Id_tip_prod">2</column>
            <column name="Nam_tip_prod">Embutidos</column>
        </table>
        <table name="tip_prod">
            <column name="Id_tip_prod">3</column>
            <column name="Nam_tip_prod">Aseo</column>
        </table>
        <table name="tip_prod">
            <column name="Id_tip_prod">4</column>
            <column name="Nam_tip_prod">Pollo Carnes y Pescados</column>
        </table>
        <table name="tip_prod">
            <column name="Id_tip_prod">5</column>
            <column name="Nam_tip_prod">Panadería y Repostería</column>
        </table>
        <table name="tip_prod">
            <column name="Id_tip_prod">6</column>
            <column name="Nam_tip_prod">Aceite y Mantequilla</column>
        </table>
        <table name="tip_prod">
            <column name="Id_tip_prod">7</column>
            <column name="Nam_tip_prod">Vinos y Licores</column>
        </table>
        <table name="tip_prod">
            <column name="Id_tip_prod">8</column>
            <column name="Nam_tip_prod">Granos</column>
        </table>
        <table name="tip_prod">
            <column name="Id_tip_prod">9</column>
            <column name="Nam_tip_prod">Snacks</column>
        </table>
        <!-- Tabla tip_usu -->
        <table name="tip_usu">
            <column name="Id_tip_usu">1</column>
            <column name="nam_tip_usu">Supervisor</column>
        </table>
        <table name="tip_usu">
            <column name="Id_tip_usu">2</column>
            <column name="nam_tip_usu">Cajero</column>
        </table>
        <table name="tip_usu">
            <column name="Id_tip_usu">3</column>
            <column name="nam_tip_usu">Almacenista</column>
        </table>
        <table name="tip_usu">
            <column name="Id_tip_usu">4</column>
            <column name="nam_tip_usu">Administrador</column>
        </table>
    </database>
</pma_xml_export>